GENE	PROTEIN	ORGANISM	ACC#	ACC#_10090	MW_(DA)	pI	MODIFICATION SUMMARY
AAK1	AAK1	human	Q2M2I8	Q3UHJ0	103,885	6.16	K-ac, K-m3, K-ub, R-m1, S-gl, S-p, T-gl, T-p, Y-p
ACVR2A	ACVR2A	human	P27037	P27038	57,848	5.61	K-ub, N-ng, S-p, T-p, Y-p
ACVR2B	ACVR2B	human	Q13705	P27040	57,724	5.46	K-ub, S-p, T-p
AKT1	AKT1	human	P31749	P31750	55,686	5.75	K-ac, K-m1, K-m3, K-sm, K-ub, R-m2, R-me, S-gl, S-p, T-gl, T-p, Y-p
AKT3	AKT3	human	Q9Y243	Q9WUA6	55,775	5.72	K-sm, K-ub, S-p, T-p, Y-p
ACVR1	ALK2	human	Q04771	P37172	57,153	7.12	K-ub, S-p, T-p
ACVR1B	ALK4	human	P36896	Q61271	56,807	6.6	K-ub, S-p, T-p, Y-p
ALPK1	ALPHAK3	human	Q96QP1	E9QNX4	138,861	5.83	S-p, T-p, Y-p
PRKAA1	AMPKA1	human	Q13131	Q5EG47	64,009	8.32	K-ac, K-sc, K-sm, K-ub, S-p, T-p, Y-p
PRKAA2	AMPKA2	human	P54646	Q8BRK8	62,320	7.65	K-ac, K-sc, K-sm, K-ub, R-m1, S-p, T-p, Y-p
RIPK4	ANKRD3	human	P57078	Q9ERK0	91,611	6.69	S-p, T-p
MAP3K5	ASK1	human	Q99683	O35099	154,537	5.52	K-ac, K-sm, K-ub, R-me, S-p, T-p, Y-p
ATM	ATM	human	Q13315	Q62388	350,687	6.39	K-ac, K-m1, K-ub, S-p, T-p, Y-p
ATR	ATR	human	Q13535	A0A1L1SSL9	301,367	7.17	K-ac, K-m1, K-ub, R-m1, S-p, T-p, Y-p
AURKA	AURA	human	O14965	P97477	45,823	9.45	K-ac, K-ub, S-p, T-p, Y-p
AURKB	AURB	human	Q96GD4	O70126	39,311	9.36	K-sm, K-ub, R-m1, S-p, T-p, Y-p
AURKC	AURC	human	Q9UQB9	O88445	35,591	8.96	K-ac, K-ub, S-p, T-p, Y-p
BCKDK	BCKDK	human	O14874	O55028	46,360	8.97	K-ac, K-m1, K-sc, K-ub, S-p, T-p, Y-p
BMP2K	BIKE	human	Q9NSY1	Q91Z96	129,172	6.05	K-ac, K-ub, S-p, T-p, Y-p
BMPR1A	BMPR1A	human	P36894	P36895	60,198	7.71	K-ub, S-p, Y-p
BMPR1B	BMPR1B	human	O00238	P36898	56,930	7.78	K-ub, S-p, T-ga, T-p, Y-p
BMPR2	BMPR2	human	Q13873	O35607	115,201	5.82	K-ac, K-ub, N-ng, S-p, T-p, Y-p
BRSK1	BRSK1	human	Q8TDC3	Q5RJI5	85,087	9.39	K-ub, R-m1, S-p, T-p, Y-p
BRSK2	BRSK2	human	Q8IWQ3	Q69Z98	81,633	8.97	K-ub, R-m1, S-p, T-p, Y-p
BUB1	BUB1	human	O43683	A2APR8	122,375	6.03	K-ac, K-ub, S-p, T-p, Y-p
CAMK1	CAMK1A	human	Q14012	Q91YS8	41,337	5.12	K-ub, S-p, T-p, Y-p
CAMK1D	CAMK1D	human	Q8IU85	Q8BW96	42,914	6.77	K-ac, K-sm, K-ub, S-p, T-p, Y-p
CAMK1G	CAMK1G	human	Q96NX5	Q91VB2	53,087	7.83	K-ac, S-p
CAMK2A	CAMK2A	human	Q9UQM7	P11798	54,088	6.61	K-ac, K-m1, K-m3, K-ub, R-m2, S-p, T-gl, T-p, Y-p
CAMK2B	CAMK2B	human	Q13554	Q5SVJ0	72,678	6.87	K-ac, K-m1, K-m2, K-ub, N-ng, S-gl, S-p, T-gl, T-p, Y-p
CAMK2G	CAMK2G	human	Q13555	A0A2I3BQP6	62,607	7.9	K-ac, K-m1, K-ub, S-p, T-p, Y-p
CAMK4	CAMK4	human	Q16566	Q8BGR3	51,926	5.6	K-ac, K-ub, S-gl, S-p, T-gl, T-p, Y-p
CAMKK1	CAMKK1	human	Q8N5S9	Q8VBY2	55,735	5.55	D-ca, K-ub, R-m1, R-m2, S-p, T-p, Y-p
CAMKK2	CAMKK2	human	Q96RR4	Q8C078	64,746	6.25	K-ub, S-p, T-p, Y-p
MYLK3	CAMLCK	human	Q32MK0	Q3UIZ8	88,393	5.76	S-p, T-p, Y-p
CDC7	CDC7	human	O00311	Q9Z0H0	63,888	8.96	K-ac, K-sm, K-ub, S-p, T-p, Y-p
CDK1	CDK1	human	P06493	P11440	34,095	8.38	K-ac, K-sc, K-sm, K-ub, S-p, T-p, Y-p
CDK10	CDK10	human	Q15131	Q3UMM4	41,038	9.06	K-ub, T-p, Y-p
CDK12	CDK12	human	Q9NYV4	Q14AX6	164,155	9.46	K-ac, K-ub, R-m1, R-m2, S-gl, S-p, T-gl, T-p, Y-p
CDK14	CDK14	human	O94921	O35495	53,057	9.06	K-ub, S-p, T-p, Y-p
CDK17	CDK17	human	Q00537	Q8K0D0	59,582	9.1	K-ac, K-m1, K-ub, S-p, T-p, Y-p
CDK18	CDK18	human	Q07002	Q04899	54,424	8.84	K-ac, K-ub, R-m1, S-p, T-p, Y-p
CDK19	CDK19	human	Q9BWU1	Q8BWD8	56,802	8.66	K-ub, S-p, T-p, Y-p
CDK2	CDK2	human	P24941	P97377	33,930	8.8	K-ac, K-sm, K-ub, R-m1, S-p, T-p, Y-p
CDK4	CDK4	human	P11802	P30285	33,730	6.52	K-ac, K-ub, R-m1, S-p, T-p, Y-p
CDK5	CDK5	human	Q00535	P49615	33,304	7.57	K-ac, K-m1, K-ub, S-p, T-p, Y-p
CDK6	CDK6	human	Q00534	Q64261	36,938	6.02	D-p, K-ac, K-m1, K-ub, S-p, T-p, Y-p
CDK7	CDK7	human	P50613	Q03147	39,038	8.66	K-ub, S-p, T-p, Y-p
CDK8	CDK8	human	P49336	Q8R3L8	53,284	8.72	K-ac, K-ub, S-p, T-p, Y-p
CDK9	CDK9	human	P50750	Q99J95	42,778	8.97	K-ac, K-me, K-sm, K-ub, R-m2, R-me, S-p, T-p, Y-p
CDKL1	CDKL1	human	Q00532	Q8CEQ0	41,833	9.04	S-p, T-p, Y-p
CDKL5	CDKL5	human	O76039	A0A0G2JGW6	107,519	9.56	K-ac, N-ng, S-p, T-p, Y-p
TRPM7	CHAK1	human	Q96QT4	Q923J1	212,697	8.1	D-ca, K-ac, K-m1, K-ub, R-m1, S-p, T-p, Y-p
TRPM6	CHAK2	human	Q9BX84	Q8CIR4	231,708	7.86	K-ac, K-m1, K-ub, S-p, T-p, Y-p
CHEK1	CHK1	human	O14757	O35280	54,434	8.5	K-ac, K-ub, S-p, T-p
CHEK2	CHK2	human	O96017	Q9Z265	60,915	5.65	K-ac, K-p, K-ub, S-p, T-gl, T-p, Y-p
CSNK1A1	CK1A	human	P48729	E9Q3W1	38,915	9.59	K-ac, K-ub, S-p, T-p, Y-p
CSNK1D	CK1D	human	P48730	Q9DC28	47,330	9.77	K-ac, K-ub, R-m1, S-p, T-p, Y-p
CSNK1E	CK1E	human	P49674	Q3TYE1	47,315	9.68	K-ac, K-ub, R-m1, S-p, T-p, Y-p
CSNK1G1	CK1G1	human	Q9HCP0	Q8BTH8	48,511	9.13	K-ub, S-p, T-p, Y-p
CSNK1G2	CK1G2	human	P78368	Q8BVP5	47,457	9.16	K-ub, R-m1, S-p, T-p, Y-p
CSNK1G3	CK1G3	human	Q9Y6M4	A0A494BAP2	51,389	9.29	K-m1, K-ub, S-p, T-p, Y-p
CSNK2A1	CK2A1	human	P68400	Q60737	45,144	7.29	K-ac, K-ub, R-m1, S-p, T-p, Y-p
CSNK2A2	CK2A2	human	P19784	O54833	41,213	8.65	K-ac, K-sc, K-ub, R-m1, S-p, T-gl, Y-p
CLK1	CLK1	human	P49759	P22518	57,291	9.05	K-sm, K-ub, S-p, T-p, Y-p
CLK2	CLK2	human	P49760	E9Q5Y1	60,090	9.69	S-p, T-p, Y-p
CLK4	CLK4	human	Q9HAZ1	O35493	57,492	8.92	K-sm, S-p, T-p, Y-p
MAP3K8	COT	human	P41279	Q07174	52,925	5.54	S-p, T-p, Y-p
DAPK2	DAPK2	human	Q9UIK4	Q8VDF3	42,898	6.45	K-ub, S-p, T-p, Y-p
DAPK3	DAPK3	human	O43293	O54784	52,536	6.44	K-ac, K-m1, K-ub, R-m1, S-p, T-p, Y-p
DCLK2	DCAMKL2	human	Q8N568	Q6PGN3	83,606	8.63	R-m2, S-p, T-p, Y-p
MAP3K12	DLK	human	Q12852	Q60700	93,219	6.03	K-ac, K-sm, K-ub, S-p, T-p
DMPK	DMPK1	human	Q09013	P54265	69,385	4.92	K-ub, R-m1, S-p, T-p
PRKDC	DNAPK	human	P78527	P97313	469,089	6.75	K-ac, K-m1, K-sc, K-sm, K-ub, R-m1, S-p, T-p, Y-p
DSTYK	DSTYK	human	Q6XUX3	Q6XUX1	105,206	6.29	K-ac, K-ub, R-m1, S-p, T-p
DYRK1A	DYRK1A	human	Q13627	Q61214	85,584	8.9	K-ac, K-ub, S-p, T-p, Y-p
DYRK1B	DYRK1B	human	Q9Y463	Q9Z188	69,198	9.25	K-ac, K-ub, S-p, Y-p
DYRK2	DYRK2	human	Q92630	Q5U4C9	66,652	9.7	R-m1, S-p, T-p, Y-p
DYRK3	DYRK3	human	O43781	Q922Y0	65,714	9.41	K-ac, K-ub, S-p, T-p, Y-p
EEF2K	EEF2K	human	O00418	O08796	82,144	5.16	K-sm, K-ub, R-m1, S-p, T-p, Y-p
MAPK3	ERK1	human	P27361	Q63844	43,136	6.28	K-ac, K-m3, K-ub, R-m1, S-p, T-p, Y-p
MAPK1	ERK2	human	P28482	P63085	41,390	6.5	K-ac, K-ub, R-m1, S-p, T-p, Y-p
MAPK7	ERK5	human	Q13164	Q9WVS8	88,386	5.6	K-ac, K-m1, K-sm, K-ub, S-p, T-p, Y-p
MAPK15	ERK7	human	Q8TD08	Q80Y86	59,832	9.17	K-ac, R-m1, S-p, T-p, Y-p
FAM20C	FAM20C	human	Q8IXL6	Q5MJS3	66,234	7.65	N-ng, S-ga, S-p, T-ga, T-p, Y-p
GAK	GAK	human	O14976	A0A0R4J0F6	143,191	5.49	K-ac, K-ub, R-m1, S-p, T-p, Y-p
MAP4K2	GCK	human	Q12851	Q61161	91,556	5.91	K-ub, S-p, T-p, Y-p
EIF2AK4	GCN2	human	Q9P2K8	Q9QZ05	186,911	5.88	K-ac, K-m1, K-ub, R-m1, S-p, T-p, Y-p
GRK1	GRK1	human	Q15835	G3X905	63,526	5.63	K-ac, S-p, T-p
GRK2	GRK2	human	P25098	Q99MK8	79,574	6.89	K-ac, K-ub, R-m1, S-p, T-p, Y-p
GRK3	GRK3	human	P35626	Q3UYH7	79,710	7.55	K-ac, K-ub, S-p, T-p, Y-p
GRK4	GRK4	human	P32298	O70291	66,583	7.93	K-ac, K-ub, S-p, T-p, Y-p
GRK5	GRK5	human	P34947	Q8VEB1	67,787	8.39	K-ac, K-m3, K-ub, S-p, T-p, Y-p
GRK6	GRK6	human	P43250	Q9EP84	65,991	8.32	K-ac, K-ub, S-p, T-p, Y-p
GSK3A	GSK3A	human	P49840	Q2NL51	50,981	8.95	K-ac, K-ub, R-m1, S-p, T-p, Y-p
GSK3B	GSK3B	human	P49841	Q9WV60	46,744	8.98	K-ac, K-m1, K-ub, S-p, T-p, Y-p
HASPIN	HASPIN	human	Q8TF76	A0A0R4J0P2	88,495	9.32	K-ac, K-m1, K-ub, S-p, T-p
MAP4K4	HGK	human	O95819	A0A0A6YWM8	142,101	7.09	K-ac, K-m1, K-ub, R-m1, S-p, T-p, Y-p
HIPK1	HIPK1	human	Q86Z02	O88904	130,843	8.48	K-sm, K-ub, R-m1, S-p, T-gl, T-p, Y-p
HIPK2	HIPK2	human	Q9H2X6	Q9QZR5	130,966	8.69	K-sm, K-ub, R-m1, S-p, T-p, Y-p
HIPK3	HIPK3	human	Q9H422	Q9ERH7	133,743	7.16	K-ac, K-m1, K-sm, K-ub, S-p, T-p, Y-p
HIPK4	HIPK4	human	Q8NE63	Q3V016	69,425	6.18	K-ac, K-ub, S-p, T-p, Y-p
MAP4K1	HPK1	human	Q92918	P70218	91,296	8.65	K-ub, S-p, T-p, Y-p
EIF2AK1	HRI	human	Q9BQI3	Q9Z2R9	71,106	5.68	K-ac, K-ub, S-p, T-p
HUNK	HUNK	human	P57058	O88866	79,686	9.24	K-ac, K-ub, S-p, T-p, Y-p
CHUK	IKKA	human	O15111	E9QNL4	84,640	6.27	K-ac, K-ub, S-p, T-p, Y-p
IKBKB	IKKB	human	O14920	Q5D0E0	86,564	5.58	K-ac, K-ub, S-gl, S-p, T-p, Y-p
IKBKE	IKKE	human	Q14164	Q9R0T8	80,462	7.91	K-ac, K-sm, K-ub, S-p, T-p, Y-p
IRAK1	IRAK1	human	P51617	Q62406	76,537	6.18	K-ac, K-ub, R-m1, S-p, T-p, Y-p
IRAK4	IRAK4	human	Q9NWZ3	Q8R4K2	51,530	5.24	K-ac, K-ub, S-p, T-p
ERN1	IRE1	human	O75460	Q9EQY0	109,735	5.98	K-ac, K-ub, S-p, T-p, Y-p
ERN2	IRE2	human	Q76MJ5	Q9Z2E3	102,480	6.73	S-p, Y-p
MAPK8	JNK1	human	P45983	G3X8U9	48,296	6.43	K-ac, K-ub, S-p, T-p, Y-p
MAPK9	JNK2	human	P45984	Q9WTU6	48,139	5.41	K-ac, K-ub, S-p, T-p, Y-p
MAP4K5	KHS1	human	Q9Y4K4	E9PX30	95,024	7.97	K-ub, S-p, T-p, Y-p
MAP4K3	KHS2	human	Q8IVH8	Q99JP0	101,316	7.38	K-ac, S-p, T-p, Y-p
UHMK1	KIS	human	Q8TAS1	P97343	46,546	5.59	K-ub, S-p, Y-p
LATS1	LATS1	human	O95835	Q8BYR2	126,870	8.84	K-ac, K-m1, K-sm, K-ub, R-m1, S-p, T-p, Y-p
LATS2	LATS2	human	Q9NRM7	Q7TSJ6	120,136	8.44	K-ac, K-ub, S-p, T-gl, T-p, Y-p
STK11	LKB1	human	Q15831	Q9WTK7	48,636	7.12	K-ac, N-ng, S-p, T-p, Y-p
STK10	LOK	human	O94804	O55098	112,135	6.52	K-ac, K-ub, R-m1, S-p, T-p, Y-p
LRRK2	LRRK2	human	Q5S007	Q5S006	286,103	6.35	K-ub, S-p, T-p, Y-p
MAK	MAK	human	P20794	Q04859	70,581	9.67	S-p, T-p, Y-p
MAP3K15	MAP3K15	human	Q6ZN16	A2AQW0	147,437	5.42	K-m1, S-p, T-p, Y-p
MAPKAPK2	MAPKAPK2	human	P49137	P49138	45,568	8.87	K-ac, K-ub, S-p, T-p, Y-p
MAPKAPK3	MAPKAPK3	human	Q16644	Q3UMW7	42,987	6.87	K-ac, K-ub, S-p, T-p, Y-p
MAPKAPK5	MAPKAPK5	human	Q8IW41	O54992	54,220	7.66	K-ac, K-ub, S-p, T-p, Y-p
MARK2	MARK2	human	Q7KZI7	E9QMP6	87,911	9.73	K-sc, K-ub, R-m1, S-p, T-gl, T-p, Y-p
MARK3	MARK3	human	P27448	Q03141	84,429	9.59	K-sc, K-ub, R-m1, S-p, T-p, Y-p
MARK4	MARK4	human	Q96L34	Q8CIP4	82,520	9.7	K-sc, K-ub, R-m1, S-p, T-p, Y-p
MASTL	MASTL	human	Q96GX5	Q8C0P0	97,319	5.67	K-ac, K-m1, K-ub, S-p, T-p, Y-p
MAP2K1	MEK1	human	Q02750	P31938	43,439	6.18	D-ca, K-ac, K-sm, K-ub, N-ng, S-p, T-p, Y-p
MAP2K2	MEK2	human	P36507	Q63932	44,424	6.12	D-ca, K-sm, K-ub, S-p, T-gl, T-p
MAP2K5	MEK5	human	Q13163	Q9WVS7	50,112	5.98	K-ub, R-m1, S-p, T-p
MAP3K1	MEKK1	human	Q13233	F8VQ72	164,470	7.93	K-sm, K-ub, S-p, T-p, Y-p
MAP3K2	MEKK2	human	Q9Y2U5	G5E8L8	69,741	8.04	K-m1, K-m3, K-me, K-ub, S-p, T-p, Y-p
MAP3K3	MEKK3	human	Q99759	Q61084	70,898	8.98	K-ub, R-m1, S-p, T-p, Y-p
MAP3K6	MEKK6	human	O95382	A0A0A0MQ82	142,596	6.7	K-ub, S-p, T-p, Y-p
MELK	MELK	human	Q14680	Q61846	74,642	8.92	K-m3, K-sm, K-ub, R-m1, S-p, T-p, Y-p
MINK1	MINK	human	Q8N4C8	G3X9G2	149,822	7.85	K-ac, K-m1, K-ub, R-m1, S-gl, S-p, T-p, Y-p
MAP3K9	MLK1	human	P80192	A0A1Y7VKX4	121,895	5.63	K-ac, K-ub, S-p, T-p, Y-p
MAP3K10	MLK2	human	Q02779	Q66L42	103,695	6.56	R-m1, S-p, T-p
MAP3K11	MLK3	human	Q16584	Q80XI6	92,688	8.4	K-ub, R-m1, S-p, T-p
MAP3K21	MLK4	human	Q5TCX8	Q8VDG6	113,957	8.97	K-ub, S-p, T-p, Y-p
MKNK2	MNK2	human	Q9HBH9	Q8CDB0	51,875	5.8	K-sm, K-ub, S-p, T-p
MOK	MOK	human	Q9UQ07	Q9WVS4	48,014	9.64	K-ub, S-p, T-p, Y-p
MOS	MOS	human	P00540	P00536	37,820	9.15	S-p, T-p, Y-p
STK16	MPSK1	human	O75716	O88697	34,656	6.42	K-ub, S-p, T-p, Y-p
CDC42BPA	MRCKA	human	Q5VT25	A0A1D5RLQ9	197,307	6.16	K-ac, K-ub, R-m1, S-gl, S-p, T-p, Y-p
CDC42BPB	MRCKB	human	Q9Y5S2	Q7TT50	194,315	5.97	K-ac, K-m1, K-ub, R-m1, S-p, T-p, Y-p
RPS6KA5	MSK1	human	O75582	Q8C050	89,865	6.63	S-p, T-p, Y-p
RPS6KA4	MSK2	human	O75676	Q9Z2B9	85,606	8.51	K-sm, K-ub, R-m1, S-p, T-p, Y-p
STK4	MST1	human	Q13043	Q9JI11	55,630	4.97	K-ac, K-m2, K-ub, S-p, T-p, Y-p
STK3	MST2	human	Q13188	Q9JI10	56,301	5.12	K-ac, K-ub, S-p, T-p, Y-p
STK24	MST3	human	Q9Y6E0	Q99KH8	49,308	5.49	K-ac, K-ub, N-ng, S-p, T-p, Y-p
MTOR	MTOR	human	P42345	Q9JLN9	288,892	6.73	K-ac, K-ub, S-p, T-p, Y-p
STK38	NDR1	human	Q15208	Q91VJ4	54,190	6.7	K-ac, K-ub, R-m1, S-p, T-p, Y-p
STK38L	NDR2	human	Q9Y2H1	Q7TSE6	54,003	6.36	K-ac, K-ub, R-m1, S-p, T-p, Y-p
NEK1	NEK1	human	Q96PY6	P51954	142,828	5.67	K-ac, K-m1, K-ub, R-m1, S-p, T-p, Y-p
NEK2	NEK2	human	P51955	O35942	51,763	9.03	K-ac, K-ub, S-p, T-p
NEK3	NEK3	human	P51956	Q9R0A5	57,705	6.72	K-ac, R-m1, S-p, T-p, Y-p
NEK4	NEK4	human	P51957	Q6GTE9	94,597	8.04	D-ca, K-ac, K-m1, K-ub, R-m1, S-p, T-p, Y-p
NEK7	NEK7	human	Q8TDX7	Q9ES74	34,551	8.49	K-ub, S-p, T-p, Y-p
MAP3K14	NIK	human	Q99558	Q9WUL6	104,042	7.77	K-ub, S-p, T-p, Y-p
NIM1K	NIM1	human	Q8IY84	Q8BHI9	49,606	8.53	T-p, Y-p
NLK	NLK	human	Q9UBE8	O54949	58,283	8.35	K-ub, S-p, T-p, Y-p
NUAK1	NUAK1	human	O60285	Q641K5	74,305	8.97	R-m1, S-p, T-p, Y-p
NUAK2	NUAK2	human	Q9H093	Q8BZN4	69,612	9.01	R-m1, S-p, T-p, Y-p
OXSR1	OSR1	human	O95747	Q6P9R2	58,022	6.03	K-ac, K-m1, K-ub, R-m1, S-p, T-p
MAPK14	P38A	human	Q16539	P47811	41,293	5.48	K-ac, K-sm, K-ub, R-m1, R-me, S-p, T-p, Y-p
MAPK11	P38B	human	Q15759	Q9WUI1	41,357	5.56	S-p, T-p, Y-p
MAPK13	P38D	human	O15264	Q9Z1B7	42,090	8.48	K-ub, S-p, T-p, Y-p
MAPK12	P38G	human	P53778	O08911	41,940	5.98	K-ac, S-p, T-p, Y-p
RPS6KB1	P70S6K	human	P23443	Q8BSK8	59,140	6.21	K-ac, K-ub, R-m1, S-gl, S-p, T-p, Y-p
RPS6KB2	P70S6KB	human	Q9UBS0	Q9Z1M4	53,455	6.91	K-ac, K-ub, R-m1, S-p, T-p, Y-p
RPS6KA1	P90RSK	human	Q15418	Q505N6	82,723	7.68	K-ac, K-sm, K-ub, R-m1, S-p, T-p, Y-p
PAK1	PAK1	human	Q13153	G5E884	60,647	5.55	K-ac, K-sm, K-ub, N-ng, S-p, T-p, Y-p
PAK2	PAK2	human	Q13177	Q8CIN4	58,043	5.69	D-ca, K-ac, K-ub, R-m1, R-m2, S-p, T-p, Y-p
PAK3	PAK3	human	O75914	Q61036	62,310	5.33	K-ac, K-ub, S-p, T-p, Y-p
PAK4	PAK4	human	O96013	Q8BTW9	64,072	9.76	K-ac, K-m1, K-me, K-ub, R-m1, S-p, T-p, Y-p
PAK5	PAK5	human	Q9P286	Q8C015	80,745	8.19	K-ac, R-m1, R-m2, S-p, T-p, Y-p
PAK6	PAK6	human	Q9NQU5	Q3ULB5	74,869	9.57	S-p, T-p, Y-p
PASK	PASK	human	Q96RG2	Q8CEE6	142,929	4.75	K-ac, K-ub, S-p, T-p, Y-p
PBK	PBK	human	Q96KB5	Q9JJ78	36,085	4.98	K-ac, K-sm, K-ub, S-p, T-p, Y-p
PDK1	PDHK1	human	Q15118	Q8BFP9	49,244	8.92	K-ac, R-m1, S-p, T-p, Y-p
PDK4	PDHK4	human	Q16654	O70571	46,469	6.19	K-ub, S-p, T-p
PDPK1	PDK1	human	O15530	Q9Z2A0	63,152	6.95	K-ac, K-ub, R-m1, S-p, T-p, Y-p
EIF2AK3	PERK	human	Q9NZJ5	E9QQ30	125,216	5.27	K-ub, N-ng, S-p, T-p, Y-p
PIM1	PIM1	human	P11309	P06803	35,686	5.72	K-sm, K-ub, S-p, T-p, Y-p
PIM2	PIM2	human	Q9P1W9	F6WGR1	34,190	5.58	K-ub, S-p, T-p, Y-p
PIM3	PIM3	human	Q86V86	P58750	35,891	5.75	K-ub, S-p, T-p
PINK1	PINK1	human	Q9BXM7	Q99MQ3	62,769	9.43	K-ac, K-ub, S-p, T-p
PRKACA	PKACA	human	P17612	P05132	40,590	8.84	K-ac, K-ub, S-p, T-p, Y-p
PRKACB	PKACB	human	P22694	P68181	40,623	8.84	K-ac, K-ub, S-p, T-p, Y-p
PRKCA	PKCA	human	P17252	Q4VA93	76,750	6.61	K-ac, K-ub, R-m1, S-gl, S-p, T-gl, T-p, Y-p
PRKCB	PKCB	human	P05771	P68404	76,869	6.57	K-ac, K-ub, R-m1, S-gl, S-p, T-gl, T-p, Y-p
PRKCD	PKCD	human	Q05655	P28867	77,505	7.93	K-ac, K-sm, K-ub, R-m1, S-p, T-gl, T-p, Y-p
PRKCE	PKCE	human	Q02156	P16054	83,674	6.73	K-ac, K-sm, K-ub, S-gl, S-p, T-gl, T-p, Y-p
PRKCG	PKCG	human	P05129	P63318	78,448	7.27	K-ac, K-ub, R-m1, S-gl, S-p, T-gl, T-p, Y-p
PRKCH	PKCH	human	P24723	P23298	77,828	7.94	K-ac, K-ub, R-m1, S-p, T-p, Y-p
PRKCI	PKCI	human	P41743	Q62074	68,262	5.54	K-ac, K-ub, R-m1, S-p, T-p, Y-p
PRKCQ	PKCT	human	Q04759	Q02111	81,865	7.69	K-ac, K-ub, S-gl, S-p, T-p, Y-p
PRKCZ	PKCZ	human	Q05513	Q02956	67,660	5.49	K-ac, R-m1, S-gl, S-p, T-gl, T-p, Y-p
PRKG1	PKG1	human	Q13976	P0C605	76,364	5.74	K-ac, R-m1, S-p, T-p, Y-p
PRKG2	PKG2	human	Q13237	Q8CAH8	87,432	8.67	K-m2, K-sm, K-ub, R-m1, S-p, T-p, Y-p
PKN1	PKN1	human	Q16512	P70268	103,932	5.99	K-ac, K-ub, R-m1, R-m2, S-p, T-p, Y-p
PKN2	PKN2	human	Q16513	Q8BWW9	112,035	5.95	K-ac, K-m1, K-ub, R-m1, S-p, T-p, Y-p
PKN3	PKN3	human	Q6P5Z2	Q8K045	99,421	8.77	K-ac, K-ub, R-m1, S-p, T-p
EIF2AK2	PKR	human	P19525	Q03963	62,094	8.58	K-ac, K-m1, K-ub, R-m1, S-p, T-p, Y-p
PLK1	PLK1	human	P53350	Q07832	68,255	9.09	K-ac, K-m1, K-m2, K-me, K-sm, K-ub, S-p, T-p, Y-p
PLK2	PLK2	human	Q9NYY3	P53351	78,237	8.52	K-ac, K-m1, K-ub, S-p, T-p, Y-p
PLK3	PLK3	human	Q9H4B4	Q6P571	71,629	9.28	S-p, T-p, Y-p
PLK4	PLK4	human	O00444	Q64702	108,972	8.79	K-ac, K-ub, R-m1, S-p, T-p, Y-p
PRKD1	PRKD1	human	Q15139	Q62101	101,704	6.16	K-ac, K-ub, S-p, T-p, Y-p
PRKD2	PRKD2	human	Q9BZL6	Q8BZ03	96,722	6.39	K-ac, K-ub, S-p, T-p, Y-p
PRKD3	PRKD3	human	O94806	Q8K1Y2	100,471	6.42	K-ub, S-p, T-p, Y-p
PRKX	PRKX	human	P51817	Q922R0	40,896	6.37	S-p, T-p
PRPF4B	PRP4	human	Q13523	Q61136	116,987	10.26	K-ac, K-m1, K-sm, K-ub, S-p, T-p, Y-p
TP53RK	PRPK	human	Q96S44	Q543M9	28,160	9.56	K-ub, R-m1, S-p, T-p, Y-p
SIK2	QIK	human	Q9H0K1	F8VPT7	103,915	5.7	K-ac, K-ub, R-m1, S-p, T-p, Y-p
SIK3	QSK	human	Q9Y2K2	Q6P4S6	144,851	6.3	K-ac, K-ub, R-m1, S-gl, S-p, T-p, Y-p
RAF1	RAF1	human	P04049	Q99N57	73,052	9.33	K-m1, K-ub, R-m1, S-p, T-p, Y-p
RIPK2	RIPK2	human	O43353	P58801	61,195	6.63	K-m1, K-ub, R-m1, S-p, T-p, Y-p
RIPK3	RIPK3	human	Q9Y572	Q9QZL0	56,887	6.08	K-ub, R-m1, R-m2, S-p, T-p
ROCK1	ROCK1	human	Q13464	P70335	158,175	5.67	K-ac, K-m1, K-ub, S-p, T-p, Y-p
ROCK2	ROCK2	human	O75116	F8VPK5	160,900	5.75	K-ac, K-m1, K-ub, S-p, T-p, Y-p
RPS6KA3	RSK2	human	P51812	P18654	83,736	6.41	K-ac, K-ub, R-m1, S-p, T-p, Y-p
RPS6KA2	RSK3	human	Q15349	Q9WUT3	83,239	8.82	K-ac, K-ub, R-m1, S-p, T-p, Y-p
RPS6KA6	RSK4	human	Q9UK32	B1B0X4	83,872	5.92	K-ac, K-ub, R-m1, S-p, T-p, Y-p
SBK1	SBK	human	Q52WX2	Q8QZX0	46,252	9.28	K-ub, S-p, T-p, Y-p
SGK1	SGK1	human	O00141	Q9WVC6	48,942	8.7	K-ac, K-ub, S-p, T-p, Y-p
SGK3	SGK3	human	Q96BR1	Q9ERE3	57,108	6.45	K-m2, K-ub, S-p, T-p, Y-p
SIK1	SIK	human	P57059	Q60670	84,902	6.81	K-sm, S-p, T-p
MYLK2	SKMLCK	human	Q9H1R3	Q8VCR8	64,685	6.6	K-ac, K-ub, S-p, T-p, Y-p
SLK	SLK	human	Q9H2G2	O54988	142,695	5.08	K-ac, K-m1, K-ub, R-m1, S-gl, S-p, T-p, Y-p
SMG1	SMG1	human	Q96Q15	Q8BKX6	410,501	6.03	K-ac, K-m1, K-ub, R-m1, S-p, T-p, Y-p
MYLK	SMMLCK	human	Q15746	Q6PDN3	210,715	5.85	K-ac, K-m1, K-ub, R-m1, S-p, T-p, Y-p
SNRK	SNRK	human	Q9NRH2	Q8VDU5	84,276	6.62	K-ac, K-ub, R-m1, S-p, T-p, Y-p
SRPK1	SRPK1	human	Q96SB4	O70551	74,325	5.81	K-ac, K-ub, R-m1, S-p, T-p, Y-p
SRPK2	SRPK2	human	P78362	A0A0R4J124	77,527	4.87	K-ac, K-ub, R-m1, S-p, T-p, Y-p
SRPK3	SRPK3	human	Q9UPE1	Q9Z0G2	62,014	6.83	K-ac, K-ub, R-m1, S-p, T-p
TSSK6	SSTK	human	Q9BXA6	Q925K9	30,331	9.24	S-p
STK33	STK33	human	Q9BYT3	Q924X7	57,831	6.6	K-ac, K-ub, S-p, T-p, Y-p
STK39	STLK3	human	Q9UEW8	Q9Z1W9	59,474	5.92	K-ac, K-m1, K-ub, R-m1, S-p, T-p, Y-p
MAP3K7	TAK1	human	O43318	Q62073	67,196	6.69	K-ac, K-ub, S-gl, S-p, T-p, Y-p
TAOK1	TAO1	human	Q7L7X3	Q5F2E8	116,070	7.3	K-ac, K-ub, R-m1, S-p, T-p, Y-p
TAOK2	TAO2	human	Q9UL54	Q6ZQ29	138,251	6.84	K-ac, K-ub, R-m1, S-p, T-p, Y-p
TAOK3	TAO3	human	Q9H2K8	Q8BYC6	105,406	6.83	K-ac, K-ub, S-p, T-p, Y-p
TBK1	TBK1	human	Q9UHD2	Q9WUN2	83,642	6.32	K-ac, K-ub, R-me, S-p, T-p, Y-p
TGFBR1	TGFBR1	human	P36897	Q64729	55,960	7.51	K-ub, S-p, T-p, Y-p
TGFBR2	TGFBR2	human	P37173	Q62312	64,568	5.6	K-ne, K-ub, S-gl, S-p, T-ga, T-p, Y-p
TLK1	TLK1	human	Q9UKI8	Q8C0V0	86,700	8.88	K-ac, K-ub, S-p, T-p
TLK2	TLK2	human	Q86UE8	O55047	87,661	8.65	K-ac, K-ub, S-p, T-p, Y-p
TSSK1B	TSSK1	human	Q9BXA7	Q61241	41,618	7.6	K-ac, S-p, Y-p
TSSK2	TSSK2	human	Q96PF2	O54863	40,939	9.02	K-ac, S-p, Y-p
TTBK1	TTBK1	human	Q5TCY1	Q6PCN3	142,737	5.46	K-ac, K-sm, K-ub, R-m1, S-p, T-p, Y-p
TTBK2	TTBK2	human	Q6IQ55	Q3UVR3	137,412	6.54	K-ac, K-sm, K-ub, S-p, T-p, Y-p
TTK	TTK	human	P33981	P35761	97,072	8.41	K-ac, K-m1, K-me, K-sm, K-ub, R-m2, S-p, T-p, Y-p
ULK1	ULK1	human	O75385	A0A0R4J0B3	112,631	9.03	K-ac, K-ub, R-m1, S-p, T-gl, T-p
ULK2	ULK2	human	Q8IYT8	Q9QY01	112,694	8.84	K-ac, R-m2, S-p, T-gl, T-p, Y-p
VRK1	VRK1	human	Q99986	Q80X41	45,476	9.02	K-ac, K-m1, K-sm, K-ub, S-p, T-p, Y-p
VRK2	VRK2	human	Q86Y07	Q8BN21	58,141	8.97	K-ac, K-m1, K-ub, S-p, T-p, Y-p
WNK1	WNK1	human	Q9H4A3	P83741	250,794	5.94	D-ca, K-ac, K-ub, R-m1, S-p, T-p, Y-p
WNK3	WNK3	human	Q9BYP7	Q80XP9	198,416	5.77	K-ac, R-m1, S-gl, S-p, T-p, Y-p
WNK4	WNK4	human	Q96J92	Q80UE6	134,739	5.36	K-m1, K-ub, R-m1, S-p, T-p, Y-p
STK32B	YANK2	human	Q9NY57	Q9JJX8	47,883	7.63	S-p, Y-p
STK32C	YANK3	human	Q86UX6	Q8QZV4	54,994	6.16	K-ub, R-m1, S-p, T-p, Y-p
STK25	YSK1	human	O00506	Q9Z2W1	48,112	6.27	K-ub, S-p, T-p, Y-p
MAP3K20	ZAK	human	Q9NYL2	Q9ESL4	91,155	7.9	K-ac, K-m1, K-ub, R-m1, R-m2, S-p, T-p, Y-p
